{
  "name": "angular-number-picker",
  "version": "1.2.2",
  "homepage": "https://github.com/leftstick/angular-number-picker",
  "description": "A directive used for picking number by using up/down button, instead of typing",
  "keywords": [
    "angular",
    "number",
    "picker"
  ],
  "files": [
    "angular-number-picker.js",
    "angular-number-picker.min.js"
  ],
  "authors": [
    "Howard.Zuo"
  ],
  "license": "MIT",
  "ignore": [
    "**/.*",
    "node_modules",
    "bower_components",
    "test",
    "tests",
    "demo",
    "docs"
  ],
  "devDependencies": {
    "angular": "~1.4.3",
    "bootstrap": "~3.3.5"
  },
  "_release": "1.2.2",
  "_resolution": {
    "type": "version",
    "tag": "1.2.2",
    "commit": "b6c601b420dc02ad8e981d046fae2d8d5a3bf420"
  },
  "_source": "git://github.com/leftstick/angular-number-picker.git",
  "_target": "~1.2.2",
  "_originalSource": "angular-number-picker",
  "_direct": true
}